form	lemma	id	pos	pers	num	tense	mood	voice	gend	case	degree
εὖ	εὖ	1	d	-	-	-	-	-	-	-	-
γὰρ	γάρ	2	d	-	-	-	-	-	-	-	-
οἶδ̓	οἶδα	3	v	3	s	r	i	a	-	-	-
ὅτι	ὅτι	4	c	-	-	-	-	-	-	-	-
,	,	5	u	-	-	-	-	-	-	-	-
εἰ	εἰ	6	c	-	-	-	-	-	-	-	-
τὴν	ὁ	7	l	-	s	-	-	-	f	a	-
αὐτὴν	αὐτός	8	a	-	s	-	-	-	f	a	-
γνώμην	γνώμη	9	n	-	s	-	-	-	f	a	-
περὶ	περί	10	r	-	-	-	-	-	-	-	-
τῶν	ὁ	11	l	-	p	-	-	-	m	g	-
ἄλλων	ἄλλος	12	p	-	p	-	-	-	m	g	-
ἔχοιτε	ἔχω	13	v	2	p	p	o	a	-	-	-
,	,	14	u	-	-	-	-	-	-	-	-
ἥνπερ	ὅς	15	p	-	s	-	-	-	f	a	-
περὶ	περί	16	r	-	-	-	-	-	-	-	-
ὑμῶν	σύ	17	p	2	p	-	-	-	m	g	-
αὐτῶν	αὐτός	18	a	-	p	-	-	-	m	g	-
,	,	19	u	-	-	-	-	-	-	-	-
οὐκ	οὐ	20	d	-	-	-	-	-	-	-	-
ἂν	ἄν	21	d	-	-	-	-	-	-	-	-
εἴη	εἰμί	22	v	3	s	p	o	a	-	-	-
·	·	23	u	-	-	-	-	-	-	-	-

καὶ	καί	1	d	-	-	-	-	-	-	-	-
ταῦτα	οὗτος	2	p	-	p	-	-	-	n	n	-
οὐκ	οὐ	3	d	-	-	-	-	-	-	-	-
ἂν	ἄν	4	d	-	-	-	-	-	-	-	-
εἴη	εἰμί	5	v	3	s	p	o	a	-	-	-
μόνον	μόνος	6	a	-	s	-	-	-	n	a	-
παῤ	παρά	7	r	-	-	-	-	-	-	-	-
ὑμῖν	σύ	8	p	2	p	-	-	-	m	d	-
οὕτως	οὕτως	9	d	-	-	-	-	-	-	-	-
ἐγνωσμένα	γιγνώσκω	10	v	-	p	r	p	-	n	n	-
,	,	11	u	-	-	-	-	-	-	-	-
ἀλλ̓	ἀλλά	12	c	-	-	-	-	-	-	-	-
ἐν	ἐν	13	r	-	-	-	-	-	-	-	-
ἁπάσῃ	ἅπας	14	a	-	s	-	-	-	f	d	-
τῇ	ὁ	15	l	-	s	-	-	-	f	d	-
Ἑλλάδι	Ἑλλάς	16	n	-	s	-	-	-	f	d	-
·	·	17	u	-	-	-	-	-	-	-	-

ἐγὼ	ἐγώ	1	p	1	s	-	-	-	m	n	-
γάρ	γάρ	2	d	-	-	-	-	-	-	-	-
,	,	3	u	-	-	-	-	-	-	-	-
ὦ	ὦ	4	i	-	-	-	-	-	-	-	-
Ἀθηναῖοι	Ἀθηναῖος	5	n	-	p	-	-	-	m	v	-
,	,	6	u	-	-	-	-	-	-	-	-
ἐπειδὴ	ἐπεί	7	c	-	-	-	-	-	-	-	-
ἔδοξέ	δοκέω	8	v	3	s	a	i	a	-	-	-
μοι	ἐγώ	9	p	1	s	-	-	-	m	d	-
γῆμαι	γαμέω	10	v	-	-	a	n	a	-	-	-
καὶ	καί	11	c	-	-	-	-	-	-	-	-
γυναῖκα	γυνή	12	n	-	s	-	-	-	f	a	-
ἠγαγόμην	ἄγω	13	v	1	s	a	i	m	-	-	-
εἰς	εἰς	14	r	-	-	-	-	-	-	-	-
τὴν	ὁ	15	l	-	s	-	-	-	f	a	-
οἰκίαν	οἰκία	16	n	-	s	-	-	-	f	a	-
,	,	17	u	-	-	-	-	-	-	-	-
τὸν	ὁ	18	l	-	s	-	-	-	m	a	-
μὲν	μέν	19	d	-	-	-	-	-	-	-	-
ἄλλον	ἄλλος	20	a	-	s	-	-	-	m	a	-
χρόνον	χρόνος	21	n	-	s	-	-	-	m	a	-
οὕτω	οὕτως	22	d	-	-	-	-	-	-	-	-
διεκείμην	διάκειμαι	23	v	1	s	i	i	e	-	-	-
ὥστε	ὥστε	24	c	-	-	-	-	-	-	-	-
-τε	τε	25	d	-	-	-	-	-	-	-	-
μή	μή	26	d	-	-	-	-	-	-	-	-
λυπεῖν	λυπέω	27	v	-	-	p	n	a	-	-	-
-τε	τε	28	c	-	-	-	-	-	-	-	-
μή	μή	29	d	-	-	-	-	-	-	-	-
λίαν	λίαν	30	d	-	-	-	-	-	-	-	-
ἐπ̓	ἐπί	31	r	-	-	-	-	-	-	-	-
ἐκείνῃ	ἐκεῖνος	32	p	-	s	-	-	-	f	d	-
εἶναι	εἰμί	33	v	-	-	p	n	a	-	-	-
ὅ	ὅς	34	p	-	s	-	-	-	n	a	-
τι	τις	35	p	-	s	-	-	-	n	a	-
ἂν	ἄν	36	d	-	-	-	-	-	-	-	-
ἐθέλῃ	ἐθέλω	37	v	3	s	p	s	a	-	-	-
ποιεῖν	ποιέω	38	v	-	-	p	n	a	-	-	-
,	,	39	u	-	-	-	-	-	-	-	-
ἐφύλαττόν	φυλάσσω	40	v	1	s	i	i	a	-	-	-
τε	τε	41	c	-	-	-	-	-	-	-	-
ὡς	ὡς	42	c	-	-	-	-	-	-	-	-
οἷόν	οἷος	43	a	-	s	-	-	-	n	n	-
τε	τε	44	d	-	-	-	-	-	-	-	-
ἦν	εἰμί	45	v	3	s	i	i	a	-	-	-
,	,	46	u	-	-	-	-	-	-	-	-
καὶ	καί	47	c	-	-	-	-	-	-	-	-
προσεῖχον	προσέχω	48	v	1	s	i	i	a	-	-	-
τὸν	ὁ	49	l	-	s	-	-	-	m	a	-
νοῦν	νόος	50	n	-	s	-	-	-	m	a	-
ὥσπερ	ὥσπερ	51	c	-	-	-	-	-	-	-	-
εἰκὸς	ἔοικα	52	v	-	s	r	p	a	n	n	-
ἦν	εἰμί	53	v	3	s	i	i	a	-	-	-
.	.	54	u	-	-	-	-	-	-	-	-

ἐπ̓	ἐπί	1	r	-	-	-	-	-	-	-	-
ἐκφορὰν	ἐκφορά	2	n	-	s	-	-	-	f	a	-
γὰρ	γάρ	3	d	-	-	-	-	-	-	-	-
αὐτῇ	αὐτός	4	p	-	s	-	-	-	f	d	-
ἀκολουθήσασα	ἀκολουθέω	5	v	-	s	a	p	a	f	n	-
ἡ	ὁ	6	l	-	s	-	-	-	f	n	-
ἐμὴ	ἐμός	7	a	-	s	-	-	-	f	n	-
γυνὴ	γυνή	8	n	-	s	-	-	-	f	n	-
ὑπὸ	ὑπό	9	r	-	-	-	-	-	-	-	-
τούτου	οὗτος	10	a	-	s	-	-	-	m	g	-
τοῦ	ὁ	11	l	-	s	-	-	-	m	g	-
ἀνθρώπου	ἄνθρωπος	12	n	-	s	-	-	-	m	g	-
ὀφθεῖσα	ὁράω	13	v	-	s	a	p	p	f	n	-
,	,	14	u	-	-	-	-	-	-	-	-
χρόνῳ	χρόνος	15	n	-	s	-	-	-	m	d	-
διαφθείρεται	διαφθείρω	16	v	3	s	p	i	e	-	-	-
·	·	17	u	-	-	-	-	-	-	-	-

πρῶτον	πρῶτος	1	a	-	s	-	-	-	n	a	-
μὲν	μέν	2	d	-	-	-	-	-	-	-	-
οὖν	οὖν	3	d	-	-	-	-	-	-	-	-
,	,	4	u	-	-	-	-	-	-	-	-
ὦ	ὦ	5	i	-	-	-	-	-	-	-	-
ἄνδρες	ἀνήρ	6	n	-	p	-	-	-	m	v	-
,	,	7	u	-	-	-	-	-	-	-	-
(	(	8	u	-	-	-	-	-	-	-	-
δεῖ	δέω	9	v	3	s	p	i	a	-	-	-
γὰρ	γάρ	10	d	-	-	-	-	-	-	-	-
καὶ	καί	11	d	-	-	-	-	-	-	-	-
ταῦθ̓	οὗτος	12	p	-	p	-	-	-	n	a	-
ὑμῖν	σύ	13	p	2	p	-	-	-	m	d	-
διηγήσασθαι	διηγέομαι	14	v	-	-	a	n	m	-	-	-
)	)	15	u	-	-	-	-	-	-	-	-
οἰκίδιον	οἰκίδιον	16	n	-	s	-	-	-	n	n	-
ἔστι	εἰμί	17	v	3	s	p	i	a	-	-	-
μοι	ἐγώ	18	p	1	s	-	-	-	m	d	-
διπλοῦν	διπλόος	19	a	-	s	-	-	-	n	n	-
,	,	20	u	-	-	-	-	-	-	-	-
ἴσα	ἴσος	21	a	-	p	-	-	-	n	a	-
ἔχον	ἔχω	22	v	-	s	p	p	a	n	n	-
τὰ	ὁ	23	l	-	p	-	-	-	n	a	-
ἄνω	ἄνω	24	d	-	-	-	-	-	-	-	-
τοῖς	ὁ	25	l	-	p	-	-	-	n	d	-
κάτω	κάτω	26	d	-	-	-	-	-	-	-	-
κατὰ	κατά	27	r	-	-	-	-	-	-	-	-
τὴν	ὁ	28	l	-	s	-	-	-	f	a	-
γυναικωνῖτιν	γυναικωνῖτις	29	n	-	s	-	-	-	f	a	-
καὶ	καί	30	c	-	-	-	-	-	-	-	-
κατὰ	κατά	31	r	-	-	-	-	-	-	-	-
τὴν	ὁ	32	l	-	s	-	-	-	f	a	-
ἀνδρωνῖτιν	ἀνδρωνῖτις	33	n	-	s	-	-	-	f	a	-
.	.	34	u	-	-	-	-	-	-	-	-

καὶ	καί	1	d	-	-	-	-	-	-	-	-
ταῦτα	οὗτος	2	p	-	p	-	-	-	n	n	-
πολὺν	πολύς	3	a	-	s	-	-	-	m	a	-
χρόνον	χρόνος	4	n	-	s	-	-	-	m	a	-
οὕτως	οὕτως	5	d	-	-	-	-	-	-	-	-
ἐγίγνετο	γίγνομαι	6	v	3	s	i	i	e	-	-	-
,	,	7	u	-	-	-	-	-	-	-	-
καὶ	καί	8	c	-	-	-	-	-	-	-	-
ἐγὼ	ἐγώ	9	p	1	s	-	-	-	m	n	-
οὐδέποτε	οὐδέποτε	10	d	-	-	-	-	-	-	-	-
ὑπώπτευσα	ὑποπτεύω	11	v	1	s	a	i	a	-	-	-
,	,	12	u	-	-	-	-	-	-	-	-
ἀλλ̓	ἀλλά	13	c	-	-	-	-	-	-	-	-
οὕτως	οὕτως	14	d	-	-	-	-	-	-	-	-
ἠλιθίως	ἠλίθιος	15	d	-	-	-	-	-	-	-	-
διεκείμην	διάκειμαι	16	v	1	s	i	i	e	-	-	-
,	,	17	u	-	-	-	-	-	-	-	-
ὥστε	ὥστε	18	c	-	-	-	-	-	-	-	-
ᾤμην	οἴομαι	19	v	1	s	i	i	e	-	-	-
τὴν	ὁ	20	l	-	s	-	-	-	f	a	-
ἐμαυτοῦ	ἐμαυτοῦ	21	p	-	s	-	-	-	m	g	-
γυναῖκα	γυνή	22	n	-	s	-	-	-	f	a	-
πασῶν	πᾶς	23	a	-	p	-	-	-	f	g	-
σωφρονεστάτην	σώφρων	24	a	-	s	-	-	-	f	a	s
εἶναι	εἰμί	25	v	-	-	p	n	a	-	-	-
τῶν	ὁ	26	l	-	p	-	-	-	f	g	-
ἐν	εἰς	27	r	-	-	-	-	-	-	-	-
τῇ	ὁ	28	l	-	s	-	-	-	f	d	-
πόλει	πόλις	29	n	-	s	-	-	-	f	d	-
.	.	30	u	-	-	-	-	-	-	-	-

κ-	καί	1	d	-	-	-	-	-	-	-	-
ἀγὼ	ἐγὼ	2	p	-	s	-	-	-	m	n	-
τούτων	οὗτος	3	p	-	p	-	-	-	n	g	-
οὐδὲν	οὐδείς	4	p	-	s	-	-	-	n	a	-
ἐνθυμούμενος	ἐνθυμέομαι	5	v	-	s	p	p	e	m	n	-
οὐδ̓	οὐδέ	6	c	-	-	-	-	-	-	-	-
ὑπονοῶν	ὑπονοέω	7	v	-	s	p	p	a	m	n	-
ἐκάθευδον	κατά-καθεύδω	8	v	1	s	i	i	a	-	-	-
ἄσμενος	ἄσμενος	9	a	-	s	-	-	-	m	n	-
,	,	10	u	-	-	-	-	-	-	-	-
ἥκων	ἥκω	11	v	-	s	p	p	a	m	n	-
ἐξ	ἐκ	12	r	-	-	-	-	-	-	-	-
ἀγροῦ	ἀγρός	13	n	-	s	-	-	-	m	g	-
.	.	14	u	-	-	-	-	-	-	-	-

ἔδοξε	δοκέω	1	v	3	s	a	i	a	-	-	-
δέ	δέ	2	d	-	-	-	-	-	-	-	-
μοι	ἐγώ	3	p	1	s	-	-	-	m	d	-
,	,	4	u	-	-	-	-	-	-	-	-
ὦ	ὦ	5	i	-	-	-	-	-	-	-	-
ἄνδρες	ἀνήρ	6	n	-	p	-	-	-	m	v	-
,	,	7	u	-	-	-	-	-	-	-	-
τὸ	ὁ	8	l	-	s	-	-	-	n	a	-
πρόσωπον	πρόσωπον	9	n	-	s	-	-	-	n	a	-
ἐψιμυθιῶσθαι	ψιμυθιόω	10	v	-	-	r	n	e	-	-	-
,	,	11	u	-	-	-	-	-	-	-	-
τοῦ	ὁ	12	l	-	s	-	-	-	m	g	-
ἀδελφοῦ	ἀδελφός	13	n	-	s	-	-	-	m	g	-
τεθνεῶτος	θνήσκω	14	v	-	s	r	p	a	m	g	-
οὔπω	οὔπω	15	d	-	-	-	-	-	-	-	-
τριάκονθ̓	τριάκοντα	16	a	-	p	-	-	-	f	a	-
ἡμέρας	ἥμερος	17	a	-	p	-	-	-	f	a	-
·	·	18	u	-	-	-	-	-	-	-	-

ὅμως	ὅμως	1	d	-	-	-	-	-	-	-	-
δ̓	δέ	2	d	-	-	-	-	-	-	-	-
οὐδ̓	οὐδέ	3	d	-	-	-	-	-	-	-	-
οὕτως	οὕτως	4	d	-	-	-	-	-	-	-	-
οὐδὲν	οὐδείς	5	p	-	s	-	-	-	n	a	-
εἰπὼν	εἶπον	6	v	-	s	a	p	a	m	n	-
περὶ	περί	7	r	-	-	-	-	-	-	-	-
τοῦ	ὁ	8	l	-	s	-	-	-	n	g	-
πράγματος	πρᾶγμα	9	n	-	s	-	-	-	n	g	-
ἐξελθὼν	ἐξέρχομαι	10	v	-	s	a	p	a	m	n	-
ᾠχόμην	οἴχομαι	11	v	1	s	i	i	e	-	-	-
ἔξω	ἔξω	12	d	-	-	-	-	-	-	-	-
σιωπῇ	σιωπή	13	n	-	s	-	-	-	f	d	-
.	.	14	u	-	-	-	-	-	-	-	-

αὕτη	οὗτος	1	p	-	s	-	-	-	f	n	-
δὲ	δέ	2	d	-	-	-	-	-	-	-	-
ὀργιζομένη	ὀργίζω	3	v	-	s	p	p	e	f	n	-
καὶ	καί	4	c	-	-	-	-	-	-	-	-
ἀδικεῖσθαι	ἀδικέω	5	v	-	-	p	n	e	-	-	-
νομίζουσα	νομίζω	6	v	-	s	p	p	a	f	n	-
,	,	7	u	-	-	-	-	-	-	-	-
ὅτι	ὅτι	8	c	-	-	-	-	-	-	-	-
οὐκέτι	οὐκέτι	9	d	-	-	-	-	-	-	-	-
ὁμοίως	ὁμοῖος	10	d	-	-	-	-	-	-	-	-
ἐφοίτα	φοιτάω	11	v	3	s	i	i	a	-	-	-
παῤ	παρά	12	r	-	-	-	-	-	-	-	-
αὐτήν	αὐτός	13	p	-	s	-	-	-	f	a	-
,	,	14	u	-	-	-	-	-	-	-	-
ἐφύλαττεν	φυλάσσω	15	v	3	s	i	i	a	-	-	-
ἕως	ἕως	16	c	-	-	-	-	-	-	-	-
ἐξηῦρεν	ἐξευρίσκω	17	v	3	s	a	i	a	-	-	-
ὅ	ὅς	18	p	-	s	-	-	-	n	n	-
τι	τις	19	a	-	s	-	-	-	n	n	-
εἴη	εἰμί	20	v	3	s	p	o	a	-	-	-
τὸ	ὁ	21	l	-	s	-	-	-	n	n	-
αἴτιον	αἴτιος	22	a	-	s	-	-	-	n	n	-
.	.	23	u	-	-	-	-	-	-	-	-

ἔστι	εἰμί	1	v	3	s	p	i	a	-	-	-
δ̓	δέ	2	d	-	-	-	-	-	-	-	-
ἔφη	φημί	3	v	3	s	i	i	a	-	-	-
Ἐρατοσθένης	Ἐρατοσθένης	4	n	-	s	-	-	-	m	n	-
Ὀῆθεν	Ὀῆθεν	5	d	-	-	-	-	-	-	-	-
ὁ	ὁ	6	l	-	s	-	-	-	m	n	-
ταῦτα	οὗτος	7	p	-	p	-	-	-	n	a	-
πράττων	πράσσω	8	v	-	s	p	p	a	m	n	-
,	,	9	u	-	-	-	-	-	-	-	-
ὃς	ὅς	10	p	-	s	-	-	-	m	n	-
οὐ	οὐ	11	d	-	-	-	-	-	-	-	-
μόνον	μόνος	12	a	-	s	-	-	-	n	a	-
τὴν	ὁ	13	l	-	s	-	-	-	f	a	-
σὴν	σός	14	a	-	s	-	-	-	f	a	-
γυναῖκα	γυνή	15	n	-	s	-	-	-	f	a	-
διέφθαρκεν	διαφθείρω	16	v	3	s	r	i	a	-	-	-
ἀλλὰ	ἀλλά	17	c	-	-	-	-	-	-	-	-
καὶ	καί	18	d	-	-	-	-	-	-	-	-
ἄλλας	ἄλλος	19	p	-	p	-	-	-	f	a	-
πολλάς	πολύς	20	a	-	p	-	-	-	f	a	-
·	·	21	u	-	-	-	-	-	-	-	-

ταῦτα	οὗτος	1	p	-	p	-	-	-	n	a	-
εἰποῦσα	εἶπον	2	v	-	s	a	p	a	f	n	-
,	,	3	u	-	-	-	-	-	-	-	-
ὦ	ὦ	4	i	-	-	-	-	-	-	-	-
ἄνδρες	ἀνήρ	5	n	-	p	-	-	-	m	v	-
,	,	6	u	-	-	-	-	-	-	-	-
ἐκείνη	ἐκεῖνος	7	p	-	s	-	-	-	f	n	-
μὲν	μέν	8	d	-	-	-	-	-	-	-	-
ἀπηλλάγη	ἀπαλλαξείω	9	v	3	s	a	i	p	-	-	-
,	,	10	u	-	-	-	-	-	-	-	-
ἐγὼ	ἐγώ	11	p	1	s	-	-	-	m	n	-
δ̓	δέ	12	c	-	-	-	-	-	-	-	-
εὐθέως	εὐθέως	13	d	-	-	-	-	-	-	-	-
ἐταραττόμην	ταράσσω	14	v	1	s	i	i	e	-	-	-
,	,	15	u	-	-	-	-	-	-	-	-
καὶ	καί	16	c	-	-	-	-	-	-	-	-
πάντα	πᾶς	17	a	-	p	-	-	-	n	n	-
μου	ἐγώ	18	p	1	s	-	-	-	m	g	-
εἰς	εἰς	19	r	-	-	-	-	-	-	-	-
τὴν	ὁ	20	l	-	s	-	-	-	f	a	-
γνώμην	γνώμη	21	n	-	s	-	-	-	f	a	-
εἰσῄει	εἴσειμι	22	v	3	s	i	i	a	-	-	-
,	,	23	u	-	-	-	-	-	-	-	-
καὶ	καί	24	c	-	-	-	-	-	-	-	-
μεστὸς	μεστός	25	a	-	s	-	-	-	m	n	-
ἦ	εἰμί	26	v	1	s	i	i	a	-	-	-
ὑποψίας	ὑποψία	27	n	-	s	-	-	-	f	g	-
,	,	28	u	-	-	-	-	-	-	-	-
ἐνθυμούμενος	ἐνθυμέομαι	29	v	-	s	p	p	e	m	n	-
μὲν	μέν	30	d	-	-	-	-	-	-	-	-
ὡς	ὡς	31	c	-	-	-	-	-	-	-	-
ἀπεκλῄσθην	ἀποκλείω	32	v	3	p	a	i	p	-	-	-
ἐν	ἐν	33	r	-	-	-	-	-	-	-	-
τῷ	ὁ	34	l	-	s	-	-	-	n	d	-
δωματίῳ	δωμάτιον	35	n	-	s	-	-	-	n	d	-
,	,	36	u	-	-	-	-	-	-	-	-
ἀναμιμνῃσκόμενος	ἀναμιμνήσκω	37	v	-	s	p	p	e	m	n	-
δὲ	δέ	38	c	-	-	-	-	-	-	-	-
ὅτι	ὅτι	39	c	-	-	-	-	-	-	-	-
ἐν	ἐν	40	r	-	-	-	-	-	-	-	-
ἐκείνῃ	ἐκεῖνος	41	a	-	s	-	-	-	f	d	-
τῇ	ὁ	42	l	-	s	-	-	-	f	d	-
νυκτὶ	νύξ	43	n	-	s	-	-	-	f	d	-
ἐψόφει	ψοφέω	44	v	3	s	i	i	a	-	-	-
ἡ	ὁ	45	l	-	s	-	-	-	f	n	-
μέταυλος	μέταυλος	46	a	-	s	-	-	-	f	n	-
θύρα	θύρα	47	n	-	s	-	-	-	f	n	-
καὶ	καί	48	c	-	-	-	-	-	-	-	-
ἡ	ὁ	49	l	-	s	-	-	-	f	n	-
αὔλειος	αὔλειος	50	a	-	s	-	-	-	f	n	-
,	,	51	u	-	-	-	-	-	-	-	-
ὃ	ὅς	52	p	-	s	-	-	-	n	n	-
οὐδέποτε	οὐδέποτε	53	d	-	-	-	-	-	-	-	-
ἐγένετο	γίγνομαι	54	v	3	s	a	i	m	-	-	-
,	,	55	u	-	-	-	-	-	-	-	-
ἔδοξέ	δοκέω	56	v	3	s	a	i	a	-	-	-
τέ	τε	57	c	-	-	-	-	-	-	-	-
μοι	ἐγώ	58	p	1	s	-	-	-	m	d	-
ἡ	ὁ	59	l	-	s	-	-	-	f	n	-
γυνὴ	γυνή	60	n	-	s	-	-	-	f	n	-
ἐψιμυθιῶσθαι	ψιμυθιόω	61	v	-	-	r	n	e	-	-	-
.	.	62	u	-	-	-	-	-	-	-	-

ἐλθὼν	ἔρχομαι	1	v	-	s	a	p	a	m	n	-
δὲ	δέ	2	d	-	-	-	-	-	-	-	-
οἴκαδε	οἴκαδε	3	d	-	-	-	-	-	-	-	-
ἐκέλευον	κελεύω	4	v	1	s	i	i	a	-	-	-
ἀκολουθεῖν	ἀκολουθέω	5	v	-	-	p	n	a	-	-	-
μοι	ἐγώ	6	p	1	s	-	-	-	m	d	-
τὴν	ὁ	7	l	-	s	-	-	-	f	a	-
θεράπαιναν	θεράπαινα	8	n	-	s	-	-	-	f	a	-
εἰς	εἰς	9	r	-	-	-	-	-	-	-	-
τὴν	ὁ	10	l	-	s	-	-	-	f	a	-
ἀγοράν	ἀγορά	11	n	-	s	-	-	-	f	a	-
,	,	12	u	-	-	-	-	-	-	-	-
ἀγαγὼν	ἄγω	13	v	-	s	a	p	a	m	n	-
δ̓	δέ	14	c	-	-	-	-	-	-	-	-
αὐτὴν	αὐτός	15	p	-	s	-	-	-	f	a	-
ὡς	ὡς	16	r	-	-	-	-	-	-	-	-
τῶν	ὁ	17	l	-	p	-	-	-	m	g	-
ἐπιτηδείων	ἐπιτήδειος	18	a	-	p	-	-	-	m	g	-
τινὰ	τις	19	p	-	s	-	-	-	m	a	-
ἔλεγον	λέγω	20	v	1	s	i	i	a	-	-	-
ὅτι	ὅτι	21	c	-	-	-	-	-	-	-	-
ἐγὼ	ἐγώ	22	p	1	s	-	-	-	m	n	-
πάντα	πᾶς	23	a	-	p	-	-	-	n	a	-
εἴην	εἰμί	24	v	1	s	p	o	a	-	-	-
πεπυσμένος	πυνθάνομαι	25	v	-	s	r	p	e	m	n	-
τὰ	ὁ	26	l	-	p	-	-	-	n	a	-
γιγνόμενα	γίγνομαι	27	v	-	p	p	p	e	n	a	-
ἐν	εἰς	28	r	-	-	-	-	-	-	-	-
τῇ	ὁ	29	l	-	s	-	-	-	f	d	-
οἰκίᾳ	οἰκία	30	n	-	s	-	-	-	f	d	-
·	·	31	u	-	-	-	-	-	-	-	-

σοὶ	σύ	1	p	2	s	-	-	-	f	d	-
οὖν	οὖν	2	d	-	-	-	-	-	-	-	-
ἔφην	φημί	3	v	1	s	i	i	a	-	-	-
ἔξεστι	ἔξεστι	4	v	3	s	p	i	a	-	-	-
δυοῖν	δύο	5	a	-	d	-	-	-	n	g	-
ὁπότερον	ὁπότερος	6	a	-	s	-	-	-	n	a	-
βούλει	βούλομαι	7	v	2	s	p	i	e	-	-	-
ἑλέσθαι	αἱρέω	8	v	-	-	a	n	m	-	-	-
,	,	9	u	-	-	-	-	-	-	-	-
ἢ	ἤ	10	d	-	-	-	-	-	-	-	-
μαστιγωθεῖσαν	μαστιγόω	11	v	-	s	a	p	p	f	a	-
εἰς	εἰς	12	r	-	-	-	-	-	-	-	-
μύλωνα	μυλών	13	n	-	s	-	-	-	m	a	-
ἐμπεσεῖν	ἐμπίτνω	14	v	-	-	a	n	a	-	-	-
καὶ	καί	15	c	-	-	-	-	-	-	-	-
μηδέποτε	μηδέποτε	16	d	-	-	-	-	-	-	-	-
παύσασθαι	παύω	17	v	-	-	a	n	m	-	-	-
κακοῖς	κακός	18	a	-	p	-	-	-	n	d	-
τοιούτοις	τοιοῦτος	19	a	-	p	-	-	-	n	d	-
συνεχομένην	συνέχω	20	v	-	s	p	p	e	f	a	-
,	,	21	u	-	-	-	-	-	-	-	-
ἢ	ἤ	22	c	-	-	-	-	-	-	-	-
κατειποῦσαν	κατεῖπον	23	v	-	s	a	p	a	f	a	-
ἅπαντα	ἅπας	24	a	-	p	-	-	-	n	a	-
τ-	τέ	25	c	-	-	-	-	-	-	-	-
ἀληθῆ	ἀληθής	26	a	-	p	-	-	-	n	a	-
μηδὲν	μηδείς	27	p	-	s	-	-	-	n	a	-
παθεῖν	πάσχω	28	v	-	-	a	n	a	-	-	-
κακόν	κακός	29	a	-	s	-	-	-	n	a	-
,	,	30	u	-	-	-	-	-	-	-	-
ἀλλὰ	ἀλλά	31	c	-	-	-	-	-	-	-	-
συγγνώμης	συγγνώμη	32	n	-	s	-	-	-	f	g	-
παῤ	παρά	33	r	-	-	-	-	-	-	-	-
ἐμοῦ	ἐγώ	34	p	1	s	-	-	-	m	g	-
τυχεῖν	τυγχάνω	35	v	-	-	a	n	a	-	-	-
τῶν	ὁ	36	l	-	p	-	-	-	n	g	-
ἡμαρτημένων	ἁμαρτάνω	37	v	-	p	r	p	e	n	g	-
.	.	38	u	-	-	-	-	-	-	-	-

καὶ	καί	1	d	-	-	-	-	-	-	-	-
τότε	τότε	2	d	-	-	-	-	-	-	-	-
ἤδη	ἤδη	3	d	-	-	-	-	-	-	-	-
πρὸς	πρός	4	r	-	-	-	-	-	-	-	-
τὰ	ὁ	5	l	-	p	-	-	-	n	a	-
γόνατά	γόνυ	6	n	-	p	-	-	-	n	a	-
μου	ἐγώ	7	p	1	s	-	-	-	m	g	-
πεσοῦσα	πίπτω	8	v	-	s	a	p	a	f	n	-
,	,	9	u	-	-	-	-	-	-	-	-
καὶ	καί	10	c	-	-	-	-	-	-	-	-
πίστιν	πίστις	11	n	-	s	-	-	-	f	a	-
παῤ	παρά	12	r	-	-	-	-	-	-	-	-
ἐμοῦ	ἐγώ	13	p	1	s	-	-	-	m	g	-
λαβοῦσα	λαμβάνω	14	v	-	s	a	p	a	f	n	-
μηδὲν	μηδείς	15	p	-	s	-	-	-	n	a	-
πείσεσθαι	πάσχω	16	v	-	-	f	n	m	-	-	-
κακόν	κακός	17	a	-	s	-	-	-	n	a	-
,	,	18	u	-	-	-	-	-	-	-	-
κατηγόρει	κατηγορέω	19	v	3	s	i	i	a	-	-	-
πρῶτον	πρῶτος	20	a	-	s	-	-	-	n	a	-
μὲν	μέν	21	d	-	-	-	-	-	-	-	-
ὡς	ὡς	22	c	-	-	-	-	-	-	-	-
μετὰ	μετά	23	r	-	-	-	-	-	-	-	-
τὴν	ὁ	24	l	-	s	-	-	-	f	a	-
ἐκφορὰν	ἐκφορά	25	n	-	s	-	-	-	f	a	-
αὐτῇ	αὐτός	26	p	-	s	-	-	-	f	d	-
προσίοι	πρόσειμι	27	v	3	s	p	o	a	-	-	-
,	,	28	u	-	-	-	-	-	-	-	-
ἔπειτα	ἔπειτα	29	c	-	-	-	-	-	-	-	-
ὡς	ὡς	30	c	-	-	-	-	-	-	-	-
αὐτὴ	αὐτός	31	p	-	s	-	-	-	f	n	-
τελευτῶσα	τελευτάω	32	v	-	s	p	p	a	f	n	-
εἰσαγγείλειε	εἰσαγγέλλω	33	v	3	s	a	o	a	-	-	-
καὶ	καί	34	d	-	-	-	-	-	-	-	-
ὡς	ὡς	35	c	-	-	-	-	-	-	-	-
ἐκείνη	ἐκεῖνος	36	p	-	s	-	-	-	f	n	-
τῷ	ὁ	37	l	-	s	-	-	-	m	d	-
χρόνῳ	χρόνος	38	n	-	s	-	-	-	m	d	-
πεισθείη	πείθω	39	v	3	s	a	o	p	-	-	-
,	,	40	u	-	-	-	-	-	-	-	-
καὶ	καί	41	c	-	-	-	-	-	-	-	-
τὰς	ὁ	42	l	-	p	-	-	-	f	a	-
εἰσόδους	εἴσοδος	43	n	-	p	-	-	-	f	a	-
οἷς	ὅς	44	a	-	p	-	-	-	m	d	-
τρόποις	τρόπος	45	n	-	p	-	-	-	m	d	-
προσίοιτο	προσίημι	46	v	3	s	p	o	e	-	-	-
,	,	47	u	-	-	-	-	-	-	-	-
καὶ	καί	48	c	-	-	-	-	-	-	-	-
ὡς	ὡς	49	c	-	-	-	-	-	-	-	-
Θεσμοφορίοις	Θεσμοφόρια	50	n	-	p	-	-	-	n	d	-
ἐμοῦ	ἐγώ	51	p	1	s	-	-	-	m	g	-
ἐν	ἐν	52	r	-	-	-	-	-	-	-	-
ἀγρῷ	ἀγρός	53	n	-	s	-	-	-	m	d	-
ὄντος	εἰμί	54	v	-	s	p	p	a	m	g	-
ᾤχετο	οἴχομαι	55	v	3	s	i	i	e	-	-	-
εἰς	εἰς	56	r	-	-	-	-	-	-	-	-
τὸ	ὁ	57	l	-	s	-	-	-	n	a	-
ἱερὸν	ἱερός	58	a	-	s	-	-	-	n	a	-
μετὰ	μετά	59	r	-	-	-	-	-	-	-	-
τῆς	ὁ	60	l	-	s	-	-	-	f	g	-
μητρὸς	μήτηρ	61	n	-	s	-	-	-	f	g	-
τῆς	ὁ	62	l	-	s	-	-	-	f	g	-
ἐκείνου	ἐκεῖνος	63	p	-	s	-	-	-	m	g	-
·	·	64	u	-	-	-	-	-	-	-	-

εἰ	εἰ	1	c	-	-	-	-	-	-	-	-
δέ	δέ	2	d	-	-	-	-	-	-	-	-
μή	μή	3	d	-	-	-	-	-	-	-	-
,	,	4	u	-	-	-	-	-	-	-	-
οὐδέν	οὐδείς	5	p	-	s	-	-	-	n	n	-
σοι	σύ	6	p	2	s	-	-	-	f	d	-
κύριον	κύριος	7	a	-	s	-	-	-	n	n	-
ἔσται	εἰμί	8	v	3	s	f	i	m	-	-	-
τῶν	ὁ	9	l	-	p	-	-	-	n	g	-
πρὸς	πρός	10	r	-	-	-	-	-	-	-	-
ἔμ̓	ἐγώ	11	p	-	s	-	-	-	m	a	-
ὡμολογημένων	ὁμολογέω	12	v	-	p	r	p	e	n	g	-
.	.	13	u	-	-	-	-	-	-	-	-

ἀξιῶ	ἀξιόω	1	v	1	s	p	i	a	-	-	-
δέ	δέ	2	d	-	-	-	-	-	-	-	-
σε	σύ	3	p	2	s	-	-	-	f	a	-
ἐπ̓	ἐπί	4	r	-	-	-	-	-	-	-	-
αὐτοφώρῳ	αὐτόφωρος	5	a	-	s	-	-	-	n	d	-
ταῦτά	οὗτος	6	p	-	p	-	-	-	n	a	-
μοι	ἐγώ	7	p	1	s	-	-	-	m	d	-
ἐπιδεῖξαι	ἐπιδείκνυμι	8	v	-	-	a	n	a	-	-	-
·	·	9	u	-	-	-	-	-	-	-	-

εἰδὼς	οἶδα	1	v	-	s	r	p	a	m	n	-
δ̓	δέ	2	d	-	-	-	-	-	-	-	-
ἐγὼ	ἐγώ	3	p	1	s	-	-	-	m	n	-
ὅτι	ὅτι	4	c	-	-	-	-	-	-	-	-
τηνικαῦτα	τηνικαῦτα	5	d	-	-	-	-	-	-	-	-
ἀφιγμένος	ἀφικνέομαι	6	v	-	s	r	p	e	m	n	-
οὐδένα	οὐδείς	7	p	-	s	-	-	-	m	a	-
καταλήψοιτο	καταλαμβάνω	8	v	3	s	f	o	m	-	-	-
οἴκοι	οἴκοι	9	d	-	-	-	-	-	-	-	-
τῶν	ὁ	10	l	-	p	-	-	-	m	g	-
ἐπιτηδείων	ἐπιτήδειος	11	a	-	p	-	-	-	m	g	-
,	,	12	u	-	-	-	-	-	-	-	-
ἐκέλευον	κελεύω	13	v	1	s	i	i	a	-	-	-
,	,	14	u	-	-	-	-	-	-	-	-
συνδειπνεῖν	συνδειπνέω	15	v	-	-	p	n	a	-	-	-
·	·	16	u	-	-	-	-	-	-	-	-

ἐπειδὴ	ἐπεί	1	c	-	-	-	-	-	-	-	-
δὲ	δέ	2	d	-	-	-	-	-	-	-	-
καλῶς	καλός	3	d	-	-	-	-	-	-	-	-
αὐτῷ	αὐτός	4	p	-	s	-	-	-	m	d	-
εἶχεν	ἔχω	5	v	3	s	i	i	a	-	-	-
,	,	6	u	-	-	-	-	-	-	-	-
ἐκεῖνος	ἐκεῖνος	7	p	-	s	-	-	-	m	n	-
μὲν	μέν	8	d	-	-	-	-	-	-	-	-
ἀπιὼν	ἄπειμι	9	v	-	s	p	p	a	m	n	-
ᾤχετο	οἴχομαι	10	v	3	s	i	i	e	-	-	-
,	,	11	u	-	-	-	-	-	-	-	-
ἐγὼ	ἐγώ	12	p	1	s	-	-	-	m	n	-
δ̓	δέ	13	c	-	-	-	-	-	-	-	-
ἐκάθευδον	κατά-καθεύδω	14	v	1	s	i	i	a	-	-	-
.	.	15	u	-	-	-	-	-	-	-	-

ὁ	ὁ	1	l	-	s	-	-	-	m	n	-
δ̓	δέ	2	d	-	-	-	-	-	-	-	-
Ἐρατοσθένης	Ἐρατοσθένης	3	n	-	s	-	-	-	m	n	-
,	,	4	u	-	-	-	-	-	-	-	-
ὦ	ὦ	5	i	-	-	-	-	-	-	-	-
ἄνδρες	ἀνήρ	6	n	-	p	-	-	-	m	v	-
,	,	7	u	-	-	-	-	-	-	-	-
εἰσέρχεται	εἰσέρχομαι	8	v	3	s	p	i	e	-	-	-
,	,	9	u	-	-	-	-	-	-	-	-
καὶ	καί	10	c	-	-	-	-	-	-	-	-
ἡ	ὁ	11	l	-	s	-	-	-	f	n	-
θεράπαινα	θεράπαινα	12	n	-	s	-	-	-	f	n	-
ἐπεγείρασά	ἐπεγείρω	13	v	-	s	a	p	a	f	n	-
με	ἐγώ	14	p	1	s	-	-	-	m	a	-
εὐθὺς	εὐθύς	15	d	-	-	-	-	-	-	-	-
φράζει	φράζω	16	v	3	s	p	i	a	-	-	-
ὅτι	ὅτι	17	c	-	-	-	-	-	-	-	-
ἔνδον	ἔνδον	18	d	-	-	-	-	-	-	-	-
ἐστί	εἰμί	19	v	3	s	p	i	a	-	-	-
.	.	20	u	-	-	-	-	-	-	-	-

παραλαβὼν	παραλαμβάνω	1	v	-	s	a	p	a	m	n	-
δ̓	δέ	2	d	-	-	-	-	-	-	-	-
ὡς	ὡς	3	c	-	-	-	-	-	-	-	-
οἷόν	οἷος	4	a	-	s	-	-	-	n	a	-
τε	τε	5	d	-	-	-	-	-	-	-	-
ἦν	εἰμί	6	v	3	s	i	i	a	-	-	-
πλείστους	πλεῖστος	7	a	-	p	-	-	-	m	a	-
ἐκ	ἐκ	8	r	-	-	-	-	-	-	-	-
τῶν	ὁ	9	l	-	p	-	-	-	m	g	-
παρόντων	πάρειμι	10	v	-	p	p	p	a	m	g	-
ἐβάδιζον	βαδίζω	11	v	1	s	i	i	a	-	-	-
.	.	12	u	-	-	-	-	-	-	-	-

ὤσαντες	ὠθέω	1	v	-	p	a	p	a	m	n	-
δὲ	δέ	2	d	-	-	-	-	-	-	-	-
τὴν	ὁ	3	l	-	s	-	-	-	f	a	-
θύραν	θύρα	4	n	-	s	-	-	-	f	a	-
τοῦ	ὁ	5	l	-	s	-	-	-	n	g	-
δωματίου	δωμάτιον	6	n	-	s	-	-	-	n	g	-
οἱ	ὁ	7	l	-	p	-	-	-	m	n	-
μὲν	μέν	8	d	-	-	-	-	-	-	-	-
πρῶτοι	πρῶτος	9	a	-	p	-	-	-	m	n	-
εἰσιόντες	εἴσειμι	10	v	-	p	p	p	a	m	n	-
ἔτι	ἔτι	11	d	-	-	-	-	-	-	-	-
εἴδομεν	εἶδον	12	v	1	p	a	i	a	-	-	-
αὐτὸν	αὐτός	13	p	-	s	-	-	-	m	a	-
κατακείμενον	κατάκειμαι	14	v	-	s	r	p	e	m	a	-
παρὰ	παρά	15	r	-	-	-	-	-	-	-	-
τῇ	ὁ	16	l	-	s	-	-	-	f	d	-
γυναικί	γυνή	17	n	-	s	-	-	-	f	d	-
,	,	18	u	-	-	-	-	-	-	-	-
οἱ	ὁ	19	l	-	p	-	-	-	m	n	-
δ̓	δέ	20	c	-	-	-	-	-	-	-	-
ὕστερον	ὕστερον	21	n	-	s	-	-	-	n	a	-
ἐν	ἐν	22	r	-	-	-	-	-	-	-	-
τῇ	ὁ	23	l	-	s	-	-	-	f	d	-
κλίνῃ	κλίνη	24	n	-	s	-	-	-	f	d	-
γυμνὸν	γυμνός	25	a	-	s	-	-	-	m	a	-
ἑστηκότα	ἵστημι	26	v	-	s	r	p	a	m	a	-
.	.	27	u	-	-	-	-	-	-	-	-

ἐγὼ	ἐγώ	1	p	1	s	-	-	-	m	n	-
δ̓	δέ	2	d	-	-	-	-	-	-	-	-
,	,	3	u	-	-	-	-	-	-	-	-
ὦ	ὦ	4	i	-	-	-	-	-	-	-	-
ἄνδρες	ἀνήρ	5	n	-	p	-	-	-	m	v	-
,	,	6	u	-	-	-	-	-	-	-	-
πατάξας	πατάσσω	7	v	-	s	a	p	a	m	n	-
καταβάλλω	καταβάλλω	8	v	1	s	p	i	a	-	-	-
αὐτόν	αὐτός	9	p	-	s	-	-	-	m	a	-
,	,	10	u	-	-	-	-	-	-	-	-
καὶ	καί	11	c	-	-	-	-	-	-	-	-
τὼ	ὁ	12	l	-	d	-	-	-	f	a	-
χεῖρε	χείρ	13	n	-	d	-	-	-	f	a	-
περιαγαγὼν	περιάγω	14	v	-	s	a	p	a	m	n	-
εἰς	εἰς	15	r	-	-	-	-	-	-	-	-
τ-	τε	16	d	-	-	-	-	-	-	-	-
οὔπισθεν	ὄπισθεν	17	d	-	-	-	-	-	-	-	-
καὶ	καί	18	c	-	-	-	-	-	-	-	-
δήσας	δέω	19	v	-	s	a	p	a	m	n	-
ἠρώτων	ἐρωτάω	20	v	1	s	i	i	a	-	-	-
διὰ	διά	21	r	-	-	-	-	-	-	-	-
τί	τις	22	p	-	s	-	-	-	n	a	-
ὑβρίζει	ὑβρίζω	23	v	3	s	p	i	a	-	-	-
εἰς	εἰς	24	r	-	-	-	-	-	-	-	-
τὴν	ὁ	25	l	-	s	-	-	-	f	a	-
οἰκίαν	οἰκία	26	n	-	s	-	-	-	f	a	-
τὴν	ὁ	27	l	-	s	-	-	-	f	a	-
ἐμὴν	ἐμός	28	a	-	s	-	-	-	f	a	-
εἰσιών	εἴσειμι	29	v	-	s	p	p	a	m	n	-
.	.	30	u	-	-	-	-	-	-	-	-

κ-	καί	1	d	-	-	-	-	-	-	-	-
ἀκεῖνος	ἐκεῖνος	2	p	-	s	-	-	-	m	n	-
ἀδικεῖν	ἀδικέω	3	v	-	-	p	n	a	-	-	-
μὲν	μέν	4	d	-	-	-	-	-	-	-	-
ὡμολόγει	ὁμολογέω	5	v	3	s	i	i	a	-	-	-
,	,	6	u	-	-	-	-	-	-	-	-
ἠντεβόλει	ἀντί-βολέω	7	v	3	s	i	i	a	-	-	-
δὲ	δὲ	8	c	-	-	-	-	-	-	-	-
καὶ	καί	9	c	-	-	-	-	-	-	-	-
ἱκέτευε	ἱκετεύω	10	v	3	s	i	i	a	-	-	-
μὴ	μή	11	d	-	-	-	-	-	-	-	-
ἀποκτεῖναι	ἀποκτείνω	12	v	-	-	a	n	a	-	-	-
ἀλλ̓	ἀλλά	13	c	-	-	-	-	-	-	-	-
ἀργύριον	ἀργύριον	14	n	-	s	-	-	-	n	a	-
πράξασθαι	πράσσω	15	v	-	-	a	n	m	-	-	-
.	.	16	u	-	-	-	-	-	-	-	-

ἐγὼ	ἐγώ	1	p	1	s	-	-	-	m	n	-
δ̓	δέ	2	d	-	-	-	-	-	-	-	-
εἶπον	εἶπον	3	v	1	s	a	i	a	-	-	-
ὅτι	ὅτι	4	c	-	-	-	-	-	-	-	-
οὐκ	οὐ	5	d	-	-	-	-	-	-	-	-
ἐγώ	ἐγώ	6	p	1	s	-	-	-	m	n	-
σε	σύ	7	p	2	s	-	-	-	m	a	-
ἀποκτενῶ	ἀποκτείνω	8	v	1	s	f	i	a	-	-	-
,	,	9	u	-	-	-	-	-	-	-	-
ἀλλ̓	ἀλλά	10	c	-	-	-	-	-	-	-	-
ὁ	ὁ	11	l	-	s	-	-	-	m	n	-
τῆς	ὁ	12	l	-	s	-	-	-	f	g	-
πόλεως	πόλις	13	n	-	s	-	-	-	f	g	-
νόμος	νόμος	14	n	-	s	-	-	-	m	n	-
,	,	15	u	-	-	-	-	-	-	-	-
ὃν	ὅς	16	p	-	s	-	-	-	m	a	-
σὺ	σύ	17	p	2	s	-	-	-	m	n	-
παραβαίνων	παραβαίνω	18	v	-	s	p	p	a	m	n	-
περὶ	περί	19	r	-	-	-	-	-	-	-	-
ἐλάττονος	ἐλάσσων	20	a	-	s	-	-	-	n	g	c
τῶν	ὁ	21	l	-	p	-	-	-	f	g	-
ἡδονῶν	ἡδονά	22	n	-	p	-	-	-	f	g	-
ἐποιήσω	ποιέω	23	v	2	s	a	i	m	-	-	-
,	,	24	u	-	-	-	-	-	-	-	-
καὶ	καί	25	c	-	-	-	-	-	-	-	-
μᾶλλον	μᾶλλον	26	d	-	-	-	-	-	-	-	-
εἵλου	αἱρέω	27	v	2	s	a	i	m	-	-	-
τοιοῦτον	τοιοῦτος	28	a	-	s	-	-	-	n	a	-
ἁμάρτημα	ἁμάρτημα	29	n	-	s	-	-	-	n	a	-
ἐξαμαρτάνειν	ἐξαμαρτάνω	30	v	-	-	p	n	a	-	-	-
εἰς	εἰς	31	r	-	-	-	-	-	-	-	-
τὴν	ὁ	32	l	-	s	-	-	-	f	a	-
γυναῖκα	γυνή	33	n	-	s	-	-	-	f	a	-
τὴν	ὁ	34	l	-	s	-	-	-	f	a	-
ἐμὴν	ἐμός	35	a	-	s	-	-	-	f	a	-
καὶ	καί	36	c	-	-	-	-	-	-	-	-
εἰς	εἰς	37	r	-	-	-	-	-	-	-	-
τοὺς	ὁ	38	l	-	p	-	-	-	m	a	-
παῖδας	παῖς	39	n	-	p	-	-	-	m	a	-
τοὺς	ὁ	40	l	-	p	-	-	-	m	a	-
ἐμοὺς	ἐμός	41	a	-	p	-	-	-	m	a	-
ἢ	ἤ	42	c	-	-	-	-	-	-	-	-
τοῖς	ὁ	43	l	-	p	-	-	-	m	d	-
νόμοις	νόμος	44	n	-	p	-	-	-	m	d	-
πείθεσθαι	πείθω	45	v	-	-	p	n	e	-	-	-
καὶ	καί	46	c	-	-	-	-	-	-	-	-
κόσμιος	κόσμιος	47	a	-	s	-	-	-	m	n	-
εἶναι	εἰμί	48	v	-	-	p	n	a	-	-	-
.	.	49	u	-	-	-	-	-	-	-	-

οὕτως	οὕτως	1	d	-	-	-	-	-	-	-	-
,	,	2	u	-	-	-	-	-	-	-	-
ὦ	ὦ	3	i	-	-	-	-	-	-	-	-
ἄνδρες	ἀνήρ	4	n	-	p	-	-	-	m	v	-
,	,	5	u	-	-	-	-	-	-	-	-
ἐκεῖνος	ἐκεῖνος	6	p	-	s	-	-	-	m	n	-
τούτων	οὗτος	7	p	-	p	-	-	-	n	g	-
ἔτυχεν	τυγχάνω	8	v	3	s	a	i	a	-	-	-
ὧνπερ	ὅς	9	p	-	p	-	-	-	n	g	-
οἱ	ὁ	10	l	-	p	-	-	-	m	n	-
νόμοι	νόμος	11	n	-	p	-	-	-	m	n	-
κελεύουσι	κελεύω	12	v	3	p	p	i	a	-	-	-
τοὺς	ὁ	13	l	-	p	-	-	-	m	a	-
τὰ	ὁ	14	l	-	p	-	-	-	n	a	-
τοιαῦτα	τοιοῦτος	15	p	-	p	-	-	-	n	a	-
πράττοντας	πράσσω	16	v	-	p	p	p	a	m	a	-
,	,	17	u	-	-	-	-	-	-	-	-
οὐκ	οὐ	18	d	-	-	-	-	-	-	-	-
εἰσαρπασθεὶς	εἰσαρπάζω	19	v	-	s	a	p	p	m	n	-
ἐκ	ἐκ	20	r	-	-	-	-	-	-	-	-
τῆς	ὁ	21	l	-	s	-	-	-	f	g	-
ὁδοῦ	ὁδός	22	n	-	s	-	-	-	f	g	-
,	,	23	u	-	-	-	-	-	-	-	-
οὐδ̓	οὐδέ	24	c	-	-	-	-	-	-	-	-
ἐπὶ	ἐπί	25	r	-	-	-	-	-	-	-	-
τὴν	ὁ	26	l	-	s	-	-	-	f	a	-
ἑστίαν	ἑστία	27	n	-	s	-	-	-	f	a	-
καταφυγών	καταφεύγω	28	v	-	s	a	p	a	m	n	-
,	,	29	u	-	-	-	-	-	-	-	-
ὥσπερ	ὥσπερ	30	c	-	-	-	-	-	-	-	-
οὗτοι	οὗτος	31	p	-	p	-	-	-	m	n	-
λέγουσι	λέγω	32	v	3	p	p	i	a	-	-	-
·	·	33	u	-	-	-	-	-	-	-	-

πῶς	πως	1	d	-	-	-	-	-	-	-	-
γὰρ	γάρ	2	d	-	-	-	-	-	-	-	-
ἄν	ἄν	3	d	-	-	-	-	-	-	-	-
,	,	4	u	-	-	-	-	-	-	-	-
ὅστις	ὅστις	5	p	-	s	-	-	-	m	n	-
ἐν	ἐν	6	r	-	-	-	-	-	-	-	-
τῷ	ὁ	7	l	-	s	-	-	-	n	d	-
δωματίῳ	δωμάτιον	8	n	-	s	-	-	-	n	d	-
πληγεὶς	πλήσσω	9	v	-	s	a	p	p	m	n	-
κατέπεσεν	καταπίπτω	10	v	3	s	a	i	a	-	-	-
εὐθύς	εὐθύς	11	d	-	-	-	-	-	-	-	-
,	,	12	u	-	-	-	-	-	-	-	-
περιέστρεψα	περιστρέφω	13	v	1	s	a	i	a	-	-	-
δ̓	δέ	14	d	-	-	-	-	-	-	-	-
αὐτοῦ	αὐτός	15	p	-	s	-	-	-	m	g	-
τὼ	ὁ	16	l	-	d	-	-	-	f	a	-
χεῖρε	χείρ	17	n	-	d	-	-	-	f	a	-
,	,	18	u	-	-	-	-	-	-	-	-
ἔνδον	ἔνδον	19	d	-	-	-	-	-	-	-	-
δὲ	δέ	20	c	-	-	-	-	-	-	-	-
ἦσαν	εἰμί	21	v	3	p	i	i	a	-	-	-
ἄνθρωποι	ἄνθρωπος	22	n	-	p	-	-	-	m	n	-
τοσοῦτοι	τοσοῦτος	23	a	-	p	-	-	-	m	n	-
,	,	24	u	-	-	-	-	-	-	-	-
οὓς	ὅς	25	p	-	p	-	-	-	m	a	-
διαφυγεῖν	διαφεύγω	26	v	-	-	a	n	a	-	-	-
οὐκ	οὐ	27	d	-	-	-	-	-	-	-	-
ἐδύνατο	δύναμαι	28	v	3	s	i	i	e	-	-	-
,	,	29	u	-	-	-	-	-	-	-	-
οὔτε	οὔτε	30	d	-	-	-	-	-	-	-	-
σίδηρον	σίδηρον	31	n	-	s	-	-	-	n	a	-
οὔτε	οὔτε	32	d	-	-	-	-	-	-	-	-
ξύλον	ξύλον	33	n	-	s	-	-	-	n	a	-
οὔτε	οὔτε	34	c	-	-	-	-	-	-	-	-
ἄλλο	ἄλλος	35	a	-	s	-	-	-	n	a	-
οὐδὲν	οὐδείς	36	p	-	s	-	-	-	n	a	-
ἔχων	ἔχω	37	v	-	s	p	p	a	m	n	-
,	,	38	u	-	-	-	-	-	-	-	-
ᾧ	ὅς	39	p	-	s	-	-	-	n	d	-
τοὺς	ὁ	40	l	-	p	-	-	-	m	a	-
εἰσελθόντας	εἰσέρχομαι	41	v	-	p	a	p	a	m	a	-
ἂν	ἄν	42	d	-	-	-	-	-	-	-	-
ἠμύνατο	ἀμύνω	43	v	3	s	a	i	m	-	-	-
.	.	44	u	-	-	-	-	-	-	-	-

ἀλλ̓	ἀλλά	1	d	-	-	-	-	-	-	-	-
,	,	2	u	-	-	-	-	-	-	-	-
ὦ	ὦ	3	i	-	-	-	-	-	-	-	-
ἄνδρες	ἀνήρ	4	n	-	p	-	-	-	m	v	-
,	,	5	u	-	-	-	-	-	-	-	-
οἶμαι	οἴομαι	6	v	1	s	p	i	e	-	-	-
καὶ	καί	7	d	-	-	-	-	-	-	-	-
ὑμᾶς	σύ	8	p	2	p	-	-	-	m	a	-
εἰδέναι	οἶδα	9	v	-	-	r	n	a	-	-	-
ὅτι	ὅτι	10	c	-	-	-	-	-	-	-	-
οἱ	ὁ	11	l	-	p	-	-	-	m	n	-
μὴ	μή	12	d	-	-	-	-	-	-	-	-
τὰ	ὁ	13	l	-	p	-	-	-	n	a	-
δίκαια	δίκαιος	14	a	-	p	-	-	-	n	a	-
πράττοντες	πράσσω	15	v	-	p	p	p	a	m	n	-
οὐχ	οὐ	16	d	-	-	-	-	-	-	-	-
ὁμολογοῦσι	ὁμολογέω	17	v	3	p	p	i	a	-	-	-
τοὺς	ὁ	18	l	-	p	-	-	-	m	a	-
ἐχθροὺς	ἐχθρός	19	a	-	p	-	-	-	m	a	-
λέγειν	λέγω	20	v	-	-	p	n	a	-	-	-
ἀληθῆ	ἀληθής	21	a	-	p	-	-	-	n	a	-
,	,	22	u	-	-	-	-	-	-	-	-
ἀλλ̓	ἀλλά	23	c	-	-	-	-	-	-	-	-
αὐτοὶ	αὐτός	24	p	-	p	-	-	-	m	n	-
ψευδόμενοι	ψεύδω	25	v	-	p	p	p	e	m	n	-
καὶ	καί	26	c	-	-	-	-	-	-	-	-
τὰ	ὁ	27	l	-	p	-	-	-	n	a	-
τοιαῦτα	τοιοῦτος	28	p	-	p	-	-	-	n	a	-
μηχανώμενοι	μηχανάομαι	29	v	-	p	p	p	e	m	n	-
ὀργὰς	ὀργή	30	n	-	p	-	-	-	f	a	-
τοῖς	ὁ	31	l	-	p	-	-	-	m	d	-
ἀκούουσι	ἀκούω	32	v	-	p	p	p	a	m	d	-
κατὰ	κατά	33	r	-	-	-	-	-	-	-	-
τῶν	ὁ	34	l	-	p	-	-	-	m	g	-
τὰ	ὁ	35	l	-	p	-	-	-	n	a	-
δίκαια	δίκαιος	36	a	-	p	-	-	-	n	a	-
πραττόντων	πράσσω	37	v	-	p	p	p	a	m	g	-
παρασκευάζουσι	παρασκευάζω	38	v	3	p	p	i	a	-	-	-
.	.	39	u	-	-	-	-	-	-	-	-

οὐκ	οὐ	1	d	-	-	-	-	-	-	-	-
ἠμφεσβήτει	ἀμφί-ἀμφισβητέω	2	v	3	s	i	i	a	-	-	-
,	,	3	u	-	-	-	-	-	-	-	-
ὦ	ὦ	4	i	-	-	-	-	-	-	-	-
ἄνδρες	ἀνήρ	5	n	-	p	-	-	-	m	v	-
,	,	6	u	-	-	-	-	-	-	-	-
ἀλλ̓	ἀλλά	7	c	-	-	-	-	-	-	-	-
ὡμολόγει	ὁμολογέω	8	v	3	s	i	i	a	-	-	-
ἀδικεῖν	ἀδικέω	9	v	-	-	p	n	a	-	-	-
,	,	10	u	-	-	-	-	-	-	-	-
καὶ	καί	11	c	-	-	-	-	-	-	-	-
ὅπως	ὅπως	12	c	-	-	-	-	-	-	-	-
μὲν	μέν	13	d	-	-	-	-	-	-	-	-
μὴ	μή	14	d	-	-	-	-	-	-	-	-
ἀποθάνῃ	ἀποθνήσκω	15	v	3	s	a	s	a	-	-	-
ἠντεβόλει	ἀντί-βολέω	16	v	3	s	i	i	a	-	-	-
καὶ	καί	17	c	-	-	-	-	-	-	-	-
ἱκέτευεν	ἱκετεύω	18	v	3	s	i	i	a	-	-	-
,	,	19	u	-	-	-	-	-	-	-	-
ἀποτίνειν	ἀποτίνω	20	v	-	-	p	n	a	-	-	-
δ̓	δέ	21	c	-	-	-	-	-	-	-	-
ἕτοιμος	ἑτοῖμος	22	a	-	s	-	-	-	m	n	-
ἦν	εἰμί	23	v	3	s	i	i	a	-	-	-
χρήματα	χρῆμα	24	n	-	p	-	-	-	n	a	-
.	.	25	u	-	-	-	-	-	-	-	-

ἀκούετε	ἀκούω	1	v	2	p	p	m	a	-	-	-
,	,	2	u	-	-	-	-	-	-	-	-
ὦ	ὦ	3	i	-	-	-	-	-	-	-	-
ἄνδρες	ἀνήρ	4	n	-	p	-	-	-	m	v	-
,	,	5	u	-	-	-	-	-	-	-	-
ὅτι	ὅτι	6	c	-	-	-	-	-	-	-	-
αὐτῷ	αὐτός	7	a	-	s	-	-	-	n	d	-
τῷ	ὁ	8	l	-	s	-	-	-	n	d	-
δικαστηρίῳ	δικαστήριον	9	n	-	s	-	-	-	n	d	-
τῷ	ὁ	10	l	-	s	-	-	-	n	d	-
ἐξ	ἐκ	11	r	-	-	-	-	-	-	-	-
Ἀρείου	Ἄρειας	12	n	-	s	-	-	-	m	g	-
πάγου	πάγος	13	n	-	s	-	-	-	m	g	-
,	,	14	u	-	-	-	-	-	-	-	-
ᾧ	ὅς	15	p	-	s	-	-	-	n	d	-
καὶ	καὶ	16	d	-	-	-	-	-	-	-	-
πάτριόν	πάτριος	17	a	-	s	-	-	-	n	n	-
ἐστι	εἰμί	18	v	3	s	p	i	a	-	-	-
καὶ	καί	19	c	-	-	-	-	-	-	-	-
ἐφ̓	ἐπί	20	r	-	-	-	-	-	-	-	-
ἡμῶν	ἐγώ	21	p	1	p	-	-	-	m	g	-
ἀποδέδοται	ἀποδίδωμι	22	v	3	s	r	i	e	-	-	-
τοῦ	ὁ	23	l	-	s	-	-	-	m	g	-
φόνου	φόνος	24	n	-	s	-	-	-	m	g	-
τὰς	ὁ	25	l	-	p	-	-	-	f	a	-
δίκας	δίκη	26	n	-	p	-	-	-	f	a	-
δικάζειν	δικάζω	27	v	-	-	p	n	a	-	-	-
,	,	28	u	-	-	-	-	-	-	-	-
διαρρήδην	διαρρήδην	29	d	-	-	-	-	-	-	-	-
εἴρηται	ἐρῶ	30	v	3	s	r	i	e	-	-	-
τούτου	οὗτος	31	p	-	s	-	-	-	m	g	-
μὴ	μὴ	32	d	-	-	-	-	-	-	-	-
καταγιγνώσκειν	καταγιγνώσκω	33	v	-	-	p	n	a	-	-	-
φόνον	φόνος	34	n	-	s	-	-	-	m	a	-
,	,	35	u	-	-	-	-	-	-	-	-
ὃς	ὅς	36	p	-	s	-	-	-	m	n	-
ἂν	ἄν	37	d	-	-	-	-	-	-	-	-
ἐπὶ	ἐπί	38	r	-	-	-	-	-	-	-	-
δάμαρτι	δάμαρ	39	n	-	s	-	-	-	f	d	-
τῇ	ὁ	40	l	-	s	-	-	-	f	d	-
ἑαυτοῦ	ἑαυτοῦ	41	p	-	s	-	-	-	m	g	-
μοιχὸν	μοιχός	42	n	-	s	-	-	-	m	a	-
λαβὼν	λαμβάνω	43	v	-	s	a	p	a	m	n	-
ταύτην	οὗτος	44	a	-	s	-	-	-	f	a	-
τὴν	ὁ	45	l	-	s	-	-	-	f	a	-
τιμωρίαν	τιμωρία	46	n	-	s	-	-	-	f	a	-
ποιήσηται	ποιέω	47	v	3	s	a	s	m	-	-	-
.	.	48	u	-	-	-	-	-	-	-	-

νῦν	νῦν	1	d	-	-	-	-	-	-	-	-
δὲ	δέ	2	d	-	-	-	-	-	-	-	-
οὐχ	οὐ	3	d	-	-	-	-	-	-	-	-
οἷός	οἷος	4	a	-	s	-	-	-	m	n	-
τε	τε	5	d	-	-	-	-	-	-	-	-
ὢν	εἰμί	6	v	-	s	p	p	a	m	n	-
ταύτης	οὗτος	7	p	-	s	-	-	-	f	g	-
ἰσχυροτέραν	ἰσχυρός	8	a	-	s	-	-	-	f	a	c
ἐπ̓	ἐπί	9	r	-	-	-	-	-	-	-	-
ἐκείναις	ἐκεῖνος	10	p	-	p	-	-	-	f	d	-
ἐξευρεῖν	ἐξευρίσκω	11	v	-	-	a	n	a	-	-	-
,	,	12	u	-	-	-	-	-	-	-	-
τὴν	ὁ	13	l	-	s	-	-	-	f	a	-
αὐτὴν	αὐτός	14	p	-	s	-	-	-	f	a	-
καὶ	καὶ	15	d	-	-	-	-	-	-	-	-
ἐπὶ	ἐπί	16	r	-	-	-	-	-	-	-	-
ταῖς	ὁ	17	l	-	p	-	-	-	f	d	-
παλλακαῖς	παλλακή	18	n	-	p	-	-	-	f	d	-
ἠξίωσε	ἀξιόω	19	v	3	s	a	i	a	-	-	-
γίγνεσθαι	γίγνομαι	20	v	-	-	p	n	e	-	-	-
.	.	21	u	-	-	-	-	-	-	-	-

ἐὰν	ἐάν	1	c	-	-	-	-	-	-	-	-
δὲ	δέ	2	d	-	-	-	-	-	-	-	-
γυναῖκα	γυνή	3	n	-	s	-	-	-	f	a	-
,	,	4	u	-	-	-	-	-	-	-	-
ἐφ̓	ἐπί	5	r	-	-	-	-	-	-	-	-
αἷσπερ	ὅς	6	p	-	p	-	-	-	f	d	-
ἀποκτείνειν	ἀποκτείνω	7	v	-	-	p	n	a	-	-	-
ἔξεστιν	ἔξεστι	8	v	3	s	p	i	a	-	-	-
,	,	9	u	-	-	-	-	-	-	-	-
ἐν	ἐν	10	r	-	-	-	-	-	-	-	-
τοῖς	ὁ	11	l	-	p	-	-	-	m	d	-
αὐτοῖς	αὐτός	12	p	-	p	-	-	-	m	d	-
ἐνέχεσθαι	ἐνέχω	13	v	-	-	p	n	e	-	-	-
·	·	14	u	-	-	-	-	-	-	-	-

τῶν	ὁ	1	l	-	p	-	-	-	m	g	-
μὲν	μέν	2	d	-	-	-	-	-	-	-	-
γὰρ	γάρ	3	d	-	-	-	-	-	-	-	-
θάνατον	θάνατος	4	n	-	s	-	-	-	m	a	-
κατέγνω	καταγιγνώσκω	5	v	3	s	a	i	a	-	-	-
,	,	6	u	-	-	-	-	-	-	-	-
τοῖς	ὁ	7	l	-	p	-	-	-	m	d	-
δὲ	δὲ	8	c	-	-	-	-	-	-	-	-
διπλῆν	διπλόος	9	a	-	s	-	-	-	f	a	-
ἐποίησε	ποιέω	10	v	3	s	a	i	a	-	-	-
τὴν	ὁ	11	l	-	s	-	-	-	f	a	-
βλάβην	βλάβη	12	n	-	s	-	-	-	f	a	-
,	,	13	u	-	-	-	-	-	-	-	-
ἡγούμενος	ἡγέομαι	14	v	-	s	p	p	e	m	n	-
τοὺς	ὁ	15	l	-	p	-	-	-	m	a	-
μὲν	μέν	16	d	-	-	-	-	-	-	-	-
διαπραττομένους	διαπράσσω	17	v	-	p	p	p	e	m	a	-
βίᾳ	βία	18	n	-	s	-	-	-	f	d	-
ὑπὸ	ὑπό	19	r	-	-	-	-	-	-	-	-
τῶν	ὁ	20	l	-	p	-	-	-	m	g	-
βιασθέντων	βιάζω	21	v	-	p	a	p	p	m	g	-
μισεῖσθαι	μισέω	22	v	-	-	p	n	e	-	-	-
,	,	23	u	-	-	-	-	-	-	-	-
τοὺς	ὁ	24	l	-	p	-	-	-	m	a	-
δὲ	δὲ	25	c	-	-	-	-	-	-	-	-
πείσαντας	πείθω	26	v	-	p	a	p	a	m	a	-
οὕτως	οὕτως	27	d	-	-	-	-	-	-	-	-
αὐτῶν	αὐτός	28	p	-	p	-	-	-	m	g	-
τὰς	ὁ	29	l	-	p	-	-	-	f	a	-
ψυχὰς	ψυχή	30	n	-	p	-	-	-	f	a	-
διαφθείρειν	διαφθείρω	31	v	-	-	p	n	a	-	-	-
,	,	32	u	-	-	-	-	-	-	-	-
ὥστ̓	ὥστε	33	c	-	-	-	-	-	-	-	-
οἰκειοτέρας	οἰκεῖος	34	a	-	p	-	-	-	f	a	c
αὑτοῖς	ἑαυτοῦ	35	p	-	p	-	-	-	m	d	-
ποιεῖν	ποιέω	36	v	-	-	p	n	a	-	-	-
τὰς	ὁ	37	l	-	p	-	-	-	f	a	-
ἀλλοτρίας	ἀλλότριος	38	a	-	p	-	-	-	f	a	-
γυναῖκας	γυνή	39	n	-	p	-	-	-	f	a	-
ἢ	ἤ	40	c	-	-	-	-	-	-	-	-
τοῖς	ὁ	41	l	-	p	-	-	-	m	d	-
ἀνδράσι	ἀνήρ	42	n	-	p	-	-	-	m	d	-
,	,	43	u	-	-	-	-	-	-	-	-
καὶ	καὶ	44	d	-	-	-	-	-	-	-	-
πᾶσαν	πᾶς	45	a	-	s	-	-	-	f	a	-
ἐπ̓	ἐπί	46	r	-	-	-	-	-	-	-	-
ἐκείνοις	ἐκεῖνος	47	p	-	p	-	-	-	m	d	-
τὴν	ὁ	48	l	-	s	-	-	-	f	a	-
οἰκίαν	οἰκία	49	n	-	s	-	-	-	f	a	-
γεγονέναι	γίγνομαι	50	v	-	-	r	n	a	-	-	-
,	,	51	u	-	-	-	-	-	-	-	-
καὶ	καί	52	c	-	-	-	-	-	-	-	-
τοὺς	ὁ	53	l	-	p	-	-	-	m	a	-
παῖδας	παῖς	54	n	-	p	-	-	-	m	a	-
ἀδήλους	ἄδηλος	55	a	-	p	-	-	-	m	a	-
εἶναι	εἰμί	56	v	-	-	p	n	a	-	-	-
ὁποτέρων	ὁπότερος	57	a	-	p	-	-	-	m	g	-
τυγχάνουσιν	τυγχάνω	58	v	3	p	p	i	a	-	-	-
ὄντες	εἰμί	59	v	-	p	p	p	a	m	n	-
,	,	60	u	-	-	-	-	-	-	-	-
τῶν	ὁ	61	l	-	p	-	-	-	m	g	-
ἀνδρῶν	ἀνήρ	62	n	-	p	-	-	-	m	g	-
ἢ	ἤ	63	c	-	-	-	-	-	-	-	-
τῶν	ὁ	64	l	-	p	-	-	-	m	g	-
μοιχῶν	μοιχός	65	n	-	p	-	-	-	m	g	-
.	.	66	u	-	-	-	-	-	-	-	-

ἀνθ̓	ἀντί	1	r	-	-	-	-	-	-	-	-
ὧν	ὅς	2	p	-	p	-	-	-	n	g	-
ὁ	ὁ	3	l	-	s	-	-	-	m	n	-
τὸν	ὁ	4	l	-	s	-	-	-	m	a	-
νόμον	νόμος	5	n	-	s	-	-	-	m	a	-
τιθεὶς	τίθημι	6	v	-	s	p	p	a	m	n	-
θάνατον	θάνατος	7	n	-	s	-	-	-	m	a	-
αὐτοῖς	αὐτός	8	p	-	p	-	-	-	m	d	-
ἐποίησε	ποιέω	9	v	3	s	a	i	a	-	-	-
τὴν	ὁ	10	l	-	s	-	-	-	f	a	-
ζημίαν	ζημία	11	n	-	s	-	-	-	f	a	-
.	.	12	u	-	-	-	-	-	-	-	-

ἐν	ἐν	1	r	-	-	-	-	-	-	-	-
ὑμῖν	σύ	2	p	2	p	-	-	-	m	d	-
δ̓	δέ	3	d	-	-	-	-	-	-	-	-
ἐστὶ	εἰμί	4	v	3	s	p	i	a	-	-	-
πότερον	πότερος	5	a	-	s	-	-	-	n	a	-
χρὴ	χρή	6	v	3	s	p	i	a	-	-	-
τούτους	οὗτος	7	p	-	p	-	-	-	m	a	-
ἰσχυροὺς	ἰσχυρός	8	a	-	p	-	-	-	m	a	-
ἢ	ἤ	9	c	-	-	-	-	-	-	-	-
μηδενὸς	μηδείς	10	p	-	s	-	-	-	n	g	-
ἀξίους	ἄξιος	11	a	-	p	-	-	-	m	a	-
εἶναι	εἰμί	12	v	-	-	p	n	a	-	-	-
.	.	13	u	-	-	-	-	-	-	-	-

εἶτα	εἶτα	1	d	-	-	-	-	-	-	-	-
δοκῶ	δοκόω	2	v	1	s	p	s	a	-	-	-
ἂν	ἄν	3	d	-	-	-	-	-	-	-	-
ὑμῖν	σύ	4	p	2	p	-	-	-	m	d	-
τὸν	ὁ	5	l	-	s	-	-	-	m	a	-
συνδειπνοῦντα	συνδειπνέω	6	v	-	s	p	p	a	m	a	-
ἀφεὶς	ἀφίημι	7	v	-	s	a	p	a	m	n	-
μόνος	μόνος	8	a	-	s	-	-	-	m	n	-
καταλειφθῆναι	καταλιμπάνω	9	v	-	-	a	n	p	-	-	-
καὶ	καί	10	c	-	-	-	-	-	-	-	-
ἔρημος	ἐρῆμος	11	a	-	s	-	-	-	m	n	-
γενέσθαι	γίγνομαι	12	v	-	-	a	n	m	-	-	-
,	,	13	u	-	-	-	-	-	-	-	-
ἢ	ἤ	14	c	-	-	-	-	-	-	-	-
κελεύειν	κελεύω	15	v	-	-	p	n	a	-	-	-
ἐκεῖνον	ἐκεῖνος	16	p	-	s	-	-	-	m	a	-
μεῖναι	μένω	17	v	-	-	a	n	a	-	-	-
,	,	18	u	-	-	-	-	-	-	-	-
ἵνα	ἵνα	19	c	-	-	-	-	-	-	-	-
μετ̓	μετά	20	r	-	-	-	-	-	-	-	-
ἐμοῦ	ἐγώ	21	p	1	s	-	-	-	m	g	-
τὸν	ὁ	22	l	-	s	-	-	-	m	a	-
μοιχὸν	μοιχός	23	n	-	s	-	-	-	m	a	-
ἐτιμωρεῖτο	τιμωρέω	24	v	3	s	i	i	e	-	-	-
;	;	25	u	-	-	-	-	-	-	-	-

ἔπειτα	ἔπειτα	1	d	-	-	-	-	-	-	-	-
,	,	2	u	-	-	-	-	-	-	-	-
ὦ	ὦ	3	i	-	-	-	-	-	-	-	-
ἄνδρες	ἀνήρ	4	n	-	p	-	-	-	m	v	-
,	,	5	u	-	-	-	-	-	-	-	-
οὐκ	οὐ	6	d	-	-	-	-	-	-	-	-
ἂν	ἄν	7	d	-	-	-	-	-	-	-	-
δοκῶ	δοκέω	8	v	1	s	p	s	a	-	-	-
ὑμῖν	σύ	9	p	-	p	-	-	-	m	d	-
τοῖς	ὁ	10	l	-	p	-	-	-	m	d	-
ἐπιτηδείοις	ἐπιτήδειος	11	a	-	p	-	-	-	m	d	-
μεθ̓	μετά	12	r	-	-	-	-	-	-	-	-
ἡμέραν	ἡμέρα	13	n	-	s	-	-	-	f	a	-
παραγγεῖλαι	παραγγέλλω	14	v	-	-	a	n	a	-	-	-
,	,	15	u	-	-	-	-	-	-	-	-
καὶ	καί	16	c	-	-	-	-	-	-	-	-
κελεῦσαι	κελεύω	17	v	-	-	a	n	a	-	-	-
αὐτοὺς	αὐτός	18	a	-	p	-	-	-	m	a	-
συλλεγῆναι	σύν-λέγω	19	v	-	-	a	n	p	-	-	-
εἰς	εἰς	20	r	-	-	-	-	-	-	-	-
οἰκίαν	οἰκία	21	n	-	s	-	-	-	f	a	-
του	ὁ	22	l	-	s	-	-	-	m	g	-
τῶν	ὁ	23	l	-	p	-	-	-	m	g	-
φίλων	φίλος	24	a	-	p	-	-	-	m	g	-
ἐγγυτάτω	ἐγγύτατος	25	a	-	s	-	-	-	m	g	-
,	,	26	u	-	-	-	-	-	-	-	-
μᾶλλον	μᾶλλον	27	d	-	-	-	-	-	-	-	-
ἢ	ἤ	28	c	-	-	-	-	-	-	-	-
ἐπειδὴ	ἐπεί	29	c	-	-	-	-	-	-	-	-
τάχιστα	τάχιστος	30	a	-	p	-	-	-	n	a	-
ᾐσθόμην	αἰσθάνομαι	31	v	1	s	a	i	m	-	-	-
τῆς	ὁ	32	l	-	s	-	-	-	f	g	-
νυκτὸς	νύξ	33	n	-	s	-	-	-	f	g	-
περιτρέχειν	περιτρέχω	34	v	-	-	p	n	a	-	-	-
,	,	35	u	-	-	-	-	-	-	-	-
οὐκ	οὐ	36	d	-	-	-	-	-	-	-	-
εἰδὼς	οἶδα	37	v	-	s	r	p	a	m	n	-
ὅντινα	ὅστις	38	p	-	s	-	-	-	m	a	-
οἴκοι	οἴκοι	39	d	-	-	-	-	-	-	-	-
καταλήψομαι	καταλαμβάνω	40	v	1	s	f	i	m	-	-	-
καὶ	καί	41	c	-	-	-	-	-	-	-	-
ὅντινα	ὅστις	42	p	-	s	-	-	-	m	a	-
ἔξω	ἔξω	43	d	-	-	-	-	-	-	-	-
;	;	44	u	-	-	-	-	-	-	-	-

καὶ	καί	1	d	-	-	-	-	-	-	-	-
ὡς	ὡς	2	r	-	-	-	-	-	-	-	-
Ἁρμόδιον	Ἁρμόδιος	3	n	-	s	-	-	-	m	a	-
μὲν	μέν	4	d	-	-	-	-	-	-	-	-
καὶ	καί	5	c	-	-	-	-	-	-	-	-
τὸν	ὁ	6	l	-	s	-	-	-	m	a	-
δεῖνα	δεῖνα	7	p	-	s	-	-	-	m	a	-
ἦλθον	ἔρχομαι	8	v	1	s	a	i	a	-	-	-
οὐκ	οὐ	9	d	-	-	-	-	-	-	-	-
ἐπιδημοῦντας	ἐπιδημέω	10	v	-	p	p	p	a	m	a	-
(	(	11	u	-	-	-	-	-	-	-	-
οὐ	οὐ	12	d	-	-	-	-	-	-	-	-
γὰρ	γάρ	13	d	-	-	-	-	-	-	-	-
ᾔδη	οἶδα	14	v	1	s	l	i	a	-	-	-
)	)	15	u	-	-	-	-	-	-	-	-
,	,	16	u	-	-	-	-	-	-	-	-
ἑτέρους	ἕτερος	17	a	-	p	-	-	-	m	a	-
δὲ	δέ	18	c	-	-	-	-	-	-	-	-
οὐκ	οὐ	19	d	-	-	-	-	-	-	-	-
ἔνδον	ἔνδον	20	d	-	-	-	-	-	-	-	-
ὄντας	εἰμί	21	v	-	p	p	p	a	m	a	-
κατέλαβον	καταλαμβάνω	22	v	1	s	a	i	a	-	-	-
,	,	23	u	-	-	-	-	-	-	-	-
οὓς	ὅς	24	p	-	p	-	-	-	m	a	-
δ̓	δέ	25	c	-	-	-	-	-	-	-	-
οἷός	οἷος	26	a	-	s	-	-	-	m	n	-
τε	τε	27	d	-	-	-	-	-	-	-	-
ἦ	εἰμί	28	v	1	s	i	i	a	-	-	-
λαβὼν	λαμβάνω	29	v	-	s	a	p	a	m	n	-
ἐβάδιζον	βαδίζω	30	v	1	s	i	i	a	-	-	-
.	.	31	u	-	-	-	-	-	-	-	-

καίτοιγε	καίτοι	1	d	-	-	-	-	-	-	-	-
εἰ	εἰ	2	c	-	-	-	-	-	-	-	-
προῄδη	πρόοιδα	3	v	1	s	l	i	a	-	-	-
,	,	4	u	-	-	-	-	-	-	-	-
οὐκ	οὐ	5	d	-	-	-	-	-	-	-	-
ἂν	ἄν	6	d	-	-	-	-	-	-	-	-
δοκῶ	δοκέω	7	v	1	s	p	s	a	-	-	-
ὑμῖν	σύ	8	p	-	p	-	-	-	m	d	-
καὶ	καί	9	d	-	-	-	-	-	-	-	-
θεράποντας	θεράπων	10	n	-	p	-	-	-	m	a	-
παρασκευάσασθαι	παρασκευάζω	11	v	-	-	a	n	m	-	-	-
καὶ	καί	12	c	-	-	-	-	-	-	-	-
τοῖς	ὁ	13	l	-	p	-	-	-	m	d	-
φίλοις	φίλος	14	a	-	p	-	-	-	m	d	-
παραγγεῖλαι	παραγγέλλω	15	v	-	-	a	n	a	-	-	-
,	,	16	u	-	-	-	-	-	-	-	-
ἵν̓	ἵνα	17	c	-	-	-	-	-	-	-	-
ὡς	ὡς	18	d	-	-	-	-	-	-	-	-
ἀσφαλέστατα	ἀσφαλής	19	a	-	p	-	-	-	n	a	s
μὲν	μέν	20	d	-	-	-	-	-	-	-	-
αὐτὸς	αὐτός	21	p	-	s	-	-	-	m	n	-
εἰσῄα	εἴσειμι	22	v	1	s	i	i	a	-	-	-
(	(	23	u	-	-	-	-	-	-	-	-
τί	τις	24	p	-	s	-	-	-	n	a	-
γὰρ	γάρ	25	d	-	-	-	-	-	-	-	-
ᾔδη	οἶδα	26	v	1	s	l	i	a	-	-	-
εἴ	εἰ	27	c	-	-	-	-	-	-	-	-
τι	τις	28	a	-	s	-	-	-	n	a	-
κ-	καί	29	d	-	-	-	-	-	-	-	-
ἀκεῖνος	ἐκεῖνος	30	p	-	s	-	-	-	m	n	-
εἶχε	ἔχω	31	v	3	s	i	i	a	-	-	-
σιδήριον	σιδήριον	32	n	-	s	-	-	-	n	a	-
;	;	33	u	-	-	-	-	-	-	-	-
)	)	34	u	-	-	-	-	-	-	-	-
,	,	35	u	-	-	-	-	-	-	-	-
ὡς	ὡς	36	d	-	-	-	-	-	-	-	-
μετὰ	μετά	37	r	-	-	-	-	-	-	-	-
πλείστων	πλεῖστος	38	a	-	p	-	-	-	m	g	-
δὲ	δέ	39	c	-	-	-	-	-	-	-	-
μαρτύρων	μάρτυρος	40	n	-	p	-	-	-	m	g	-
τὴν	ὁ	41	l	-	s	-	-	-	f	a	-
τιμωρίαν	τιμωρία	42	n	-	s	-	-	-	f	a	-
ἐποιούμην	ποιόω	43	v	1	s	i	i	e	-	-	-
;	;	44	u	-	-	-	-	-	-	-	-

νῦν	νῦν	1	d	-	-	-	-	-	-	-	-
δ̓	δέ	2	d	-	-	-	-	-	-	-	-
οὐδὲν	οὐδείς	3	p	-	s	-	-	-	n	a	-
εἰδὼς	εἰδοί	4	n	-	p	-	-	-	m	a	-
τῶν	ὁ	5	l	-	p	-	-	-	n	g	-
ἐσομένων	εἰμί	6	v	-	p	f	p	m	n	g	-
ἐκείνῃ	ἐκεῖνος	7	a	-	s	-	-	-	f	d	-
τῇ	ὁ	8	l	-	s	-	-	-	f	d	-
νυκτί	νύξ	9	n	-	s	-	-	-	f	d	-
,	,	10	u	-	-	-	-	-	-	-	-
οὓς	ὅς	11	p	-	p	-	-	-	m	a	-
οἷός	οἷος	12	a	-	s	-	-	-	m	n	-
τε	τε	13	d	-	-	-	-	-	-	-	-
ἦ	εἰμί	14	v	1	s	i	i	a	-	-	-
παρέλαβον	παραλαμβάνω	15	v	1	s	a	i	a	-	-	-
.	.	16	u	-	-	-	-	-	-	-	-

σκέψασθε	σκέπτομαι	1	v	2	p	a	m	e	-	-	-
δὲ	δέ	2	d	-	-	-	-	-	-	-	-
παῤ	παρά	3	r	-	-	-	-	-	-	-	-
ὑμῖν	σύ	4	p	-	p	-	-	-	m	d	-
αὐτοῖς	αὐτός	5	a	-	p	-	-	-	m	d	-
οὕτως	οὕτως	6	d	-	-	-	-	-	-	-	-
περὶ	περί	7	r	-	-	-	-	-	-	-	-
τούτου	οὗτος	8	a	-	s	-	-	-	n	g	-
τοῦ	ὁ	9	l	-	s	-	-	-	n	g	-
πράγματος	πρᾶγμα	10	n	-	s	-	-	-	n	g	-
,	,	11	u	-	-	-	-	-	-	-	-
ζητοῦντες	ζητέω	12	v	-	p	p	p	a	m	n	-
εἴ	εἰ	13	c	-	-	-	-	-	-	-	-
τις	τις	14	a	-	s	-	-	-	f	n	-
ἐμοὶ	ἐγώ	15	p	1	s	-	-	-	m	d	-
καὶ	καί	16	c	-	-	-	-	-	-	-	-
Ἐρατοσθένει	Ἐρατοσθένης	17	n	-	s	-	-	-	m	d	-
ἔχθρα	ἔχθρη	18	n	-	s	-	-	-	f	n	-
πώποτε	πώποτε	19	d	-	-	-	-	-	-	-	-
γεγένηται	γίγνομαι	20	v	3	s	r	i	e	-	-	-
πλὴν	πλήν	21	r	-	-	-	-	-	-	-	-
ταύτης	οὗτος	22	p	-	s	-	-	-	f	g	-
.	.	23	u	-	-	-	-	-	-	-	-

τί	τις	1	p	-	s	-	-	-	n	a	-
ἄν	ἄν	2	d	-	-	-	-	-	-	-	-
οὖν	οὖν	3	d	-	-	-	-	-	-	-	-
βουλόμενος	βούλομαι	4	v	-	s	p	p	e	m	n	-
ἐγὼ	ἐγώ	5	p	1	s	-	-	-	m	n	-
τοιοῦτον	τοιοῦτος	6	a	-	s	-	-	-	m	a	-
κίνδυνον	κίνδυνος	7	n	-	s	-	-	-	m	a	-
ἐκινδύνευον	κινδυνεύω	8	v	1	s	i	i	a	-	-	-
,	,	9	u	-	-	-	-	-	-	-	-
εἰ	εἰ	10	c	-	-	-	-	-	-	-	-
μὴ	μή	11	d	-	-	-	-	-	-	-	-
τὸ	ὁ	12	l	-	s	-	-	-	n	a	-
μέγιστον	μέγας	13	a	-	s	-	-	-	n	a	-
τῶν	ὁ	14	l	-	p	-	-	-	n	g	-
ἀδικημάτων	ἀδίκημα	15	n	-	p	-	-	-	n	g	-
ἦ	εἰμί	16	v	1	s	i	i	a	-	-	-
ὑπ̓	ὑπό	17	r	-	-	-	-	-	-	-	-
αὐτοῦ	αὐτός	18	p	-	s	-	-	-	m	g	-
ἠδικημένος	ἀδικέω	19	v	-	s	r	p	e	m	n	-
;	;	20	u	-	-	-	-	-	-	-	-

ἐγὼ	ἐγώ	1	p	1	s	-	-	-	m	n	-
μὲν	μέν	2	d	-	-	-	-	-	-	-	-
οὖν	οὖν	3	d	-	-	-	-	-	-	-	-
,	,	4	u	-	-	-	-	-	-	-	-
ὦ	ὦ	5	i	-	-	-	-	-	-	-	-
ἄνδρες	ἀνήρ	6	n	-	p	-	-	-	m	v	-
,	,	7	u	-	-	-	-	-	-	-	-
οὐκ	οὐ	8	d	-	-	-	-	-	-	-	-
ἰδίαν	ἴδιος	9	a	-	s	-	-	-	f	a	-
ὑπὲρ	ὑπέρ	10	r	-	-	-	-	-	-	-	-
ἐμαυτοῦ	ἐμαυτοῦ	11	p	-	s	-	-	-	n	g	-
νομίζω	νομίζω	12	v	1	s	p	i	a	-	-	-
ταύτην	οὗτος	13	a	-	s	-	-	-	f	a	-
γενέσθαι	γίγνομαι	14	v	-	-	a	n	m	-	-	-
τὴν	ὁ	15	l	-	s	-	-	-	f	a	-
τιμωρίαν	τιμωρία	16	n	-	s	-	-	-	f	a	-
,	,	17	u	-	-	-	-	-	-	-	-
ἀλλ̓	ἀλλά	18	c	-	-	-	-	-	-	-	-
ὑπὲρ	ὑπέρ	19	r	-	-	-	-	-	-	-	-
τῆς	ὁ	20	l	-	s	-	-	-	f	g	-
πόλεως	πόλις	21	n	-	s	-	-	-	f	g	-
ἁπάσης	ἅπας	22	a	-	s	-	-	-	f	g	-
·	·	23	u	-	-	-	-	-	-	-	-

πολὺ	πολύς	1	a	-	s	-	-	-	n	a	-
γὰρ	γάρ	2	d	-	-	-	-	-	-	-	-
οὕτω	οὕτως	3	d	-	-	-	-	-	-	-	-
δικαιότερον	δίκαιος	4	a	-	s	-	-	-	n	n	c
ἢ	ἤ	5	c	-	-	-	-	-	-	-	-
ὑπὸ	ὑπό	6	r	-	-	-	-	-	-	-	-
τῶν	ὁ	7	l	-	p	-	-	-	m	g	-
νόμων	νόμος	8	n	-	p	-	-	-	m	g	-
τοὺς	ὁ	9	l	-	p	-	-	-	m	a	-
πολίτας	πολίτης	10	n	-	p	-	-	-	m	a	-
ἐνεδρεύεσθαι	ἐνεδρεύω	11	v	-	-	p	n	e	-	-	-
,	,	12	u	-	-	-	-	-	-	-	-
οἳ	ὅς	13	p	-	p	-	-	-	m	n	-
κελεύουσι	κελεύω	14	v	3	p	p	i	a	-	-	-
μέν	μέν	15	d	-	-	-	-	-	-	-	-
,	,	16	u	-	-	-	-	-	-	-	-
ἐάν	ἐάν	17	c	-	-	-	-	-	-	-	-
τις	τις	18	p	-	s	-	-	-	m	n	-
μοιχὸν	μοιχός	19	n	-	s	-	-	-	m	a	-
λάβῃ	λαμβάνω	20	v	3	s	a	s	a	-	-	-
,	,	21	u	-	-	-	-	-	-	-	-
ὅ	ὅς	22	p	-	s	-	-	-	n	a	-
τι	τις	23	a	-	s	-	-	-	n	a	-
ἂν	ἄν	24	d	-	-	-	-	-	-	-	-
οὖν	οὖν	25	d	-	-	-	-	-	-	-	-
βούληται	βούλομαι	26	v	3	s	p	s	e	-	-	-
χρῆσθαι	χράομαι	27	v	-	-	p	n	e	-	-	-
,	,	28	u	-	-	-	-	-	-	-	-
οἱ	ὁ	29	l	-	p	-	-	-	m	n	-
δ̓	δέ	30	c	-	-	-	-	-	-	-	-
ἀγῶνες	ἀγών	31	n	-	p	-	-	-	m	n	-
δεινότεροι	δεινός	32	a	-	p	-	-	-	m	n	c
τοῖς	ὁ	33	l	-	p	-	-	-	m	d	-
ἀδικουμένοις	ἀδικέω	34	v	-	p	p	p	e	m	d	-
καθεστήκασιν	καθίστημι	35	v	3	p	r	i	a	-	-	-
ἢ	ἤ	36	c	-	-	-	-	-	-	-	-
τοῖς	ὁ	37	l	-	p	-	-	-	m	d	-
παρὰ	παρά	38	r	-	-	-	-	-	-	-	-
τοὺς	ὁ	39	l	-	p	-	-	-	m	a	-
νόμους	νόμος	40	n	-	p	-	-	-	m	a	-
τὰς	ὁ	41	l	-	p	-	-	-	f	a	-
ἀλλοτρίας	ἀλλότριος	42	a	-	p	-	-	-	f	a	-
καταισχύνουσι	καταισχύνω	43	v	3	p	a	s	a	-	-	-
γυναῖκας	γυνή	44	n	-	p	-	-	-	f	a	-
.	.	45	u	-	-	-	-	-	-	-	-

